Country Name,Country Code,Indicator Name,Indicator Code,1960,1961,1962,1963,1964,1965,1966,1967,1968,1969,1970,1971,1972,1973,1974,1975,1976,1977,1978,1979,1980,1981,1982,1983,1984,1985,1986,1987,1988,1989,1990,1991,1992,1993,1994,1995,1996,1997,1998,1999,2000,2001,2002,2003,2004,2005,2006,2007,2008,2009,2010,2011,2012,2013,2014,2015,2016,2017,2018,2019,2020
Aruba,ABW,"PM2.5 air pollution, population exposed to levels exceeding WHO guideline value (% of total)",EN.ATM.PM25.MC.ZS,,,,,,,,,,,,,,,,,,,,,,,,,,,,,,,,,,,,,,,,,,,,,,,,,,,,,,,,,,,,,
Africa Eastern and Southern,AFE,"PM2.5 air pollution, population exposed to levels exceeding WHO guideline value (% of total)",EN.ATM.PM25.MC.ZS,,,,,,,,,,,,,,,,,,,,,,,,,,,,,,,100,,,,,100,,,,,100,,,,,100,,,,,100,100,100,100,100,100,100,100,,,
Afghanistan,AFG,"PM2.5 air pollution, population exposed to levels exceeding WHO guideline value (% of total)",EN.ATM.PM25.MC.ZS,,,,,,,,,,,,,,,,,,,,,,,,,,,,,,,100,,,,,100,,,,,100,,,,,100,,,,,100,100,100,100,100,100,100,100,,,
Africa Western and Central,AFW,"PM2.5 air pollution, population exposed to levels exceeding WHO guideline value (% of total)",EN.ATM.PM25.MC.ZS,,,,,,,,,,,,,,,,,,,,,,,,,,,,,,,100,,,,,100,,,,,100,,,,,100,,,,,100,100,100,100,100,100,100,100,,,
Angola,AGO,"PM2.5 air pollution, population exposed to levels exceeding WHO guideline value (% of total)",EN.ATM.PM25.MC.ZS,,,,,,,,,,,,,,,,,,,,,,,,,,,,,,,100,,,,,100,,,,,100,,,,,100,,,,,100,100,100,100,100,100,100,100,,,
Albania,ALB,"PM2.5 air pollution, population exposed to levels exceeding WHO guideline value (% of total)",EN.ATM.PM25.MC.ZS,,,,,,,,,,,,,,,,,,,,,,,,,,,,,,,100,,,,,100,,,,,100,,,,,100,,,,,100,100,100,100,100,100,100,100,,,
Andorra,AND,"PM2.5 air pollution, population exposed to levels exceeding WHO guideline value (% of total)",EN.ATM.PM25.MC.ZS,,,,,,,,,,,,,,,,,,,,,,,,,,,,,,,100,,,,,99.98421098,,,,,99.95743197,,,,,100,,,,,99.95663582,100,99.95599732,97.68595932,16.59898025,90.84806274,17.41955772,17.82445949,,,
Arab World,ARB,"PM2.5 air pollution, population exposed to levels exceeding WHO guideline value (% of total)",EN.ATM.PM25.MC.ZS,,,,,,,,,,,,,,,,,,,,,,,,,,,,,,,100,,,,,100,,,,,100,,,,,100,,,,,100,100,100,100,100,100,100,100,,,
United Arab Emirates,ARE,"PM2.5 air pollution, population exposed to levels exceeding WHO guideline value (% of total)",EN.ATM.PM25.MC.ZS,,,,,,,,,,,,,,,,,,,,,,,,,,,,,,,100,,,,,100,,,,,100,,,,,100,,,,,100,100,100,100,100,100,100,100,,,
Argentina,ARG,"PM2.5 air pollution, population exposed to levels exceeding WHO guideline value (% of total)",EN.ATM.PM25.MC.ZS,,,,,,,,,,,,,,,,,,,,,,,,,,,,,,,99.60669969,,,,,99.58096493,,,,,99.54997114,,,,,99.41150392,,,,,99.44764132,99.53041309,99.21768856,99.026464,98.31406401,98.02192869,94.13945992,93.85282467,,,
Armenia,ARM,"PM2.5 air pollution, population exposed to levels exceeding WHO guideline value (% of total)",EN.ATM.PM25.MC.ZS,,,,,,,,,,,,,,,,,,,,,,,,,,,,,,,100,,,,,100,,,,,100,,,,,100,,,,,100,100,100,100,100,100,100,100,,,
American Samoa,ASM,"PM2.5 air pollution, population exposed to levels exceeding WHO guideline value (% of total)",EN.ATM.PM25.MC.ZS,,,,,,,,,,,,,,,,,,,,,,,,,,,,,,,100,,,,,100,,,,,100,,,,,100,,,,,100,100,100,100,100,100,100,100,,,
Antigua and Barbuda,ATG,"PM2.5 air pollution, population exposed to levels exceeding WHO guideline value (% of total)",EN.ATM.PM25.MC.ZS,,,,,,,,,,,,,,,,,,,,,,,,,,,,,,,100,,,,,100,,,,,100,,,,,100,,,,,100,100,100,100,100,100,100,100,,,
Australia,AUS,"PM2.5 air pollution, population exposed to levels exceeding WHO guideline value (% of total)",EN.ATM.PM25.MC.ZS,,,,,,,,,,,,,,,,,,,,,,,,,,,,,,,31.88340426,,,,,31.61015799,,,,,33.8320688,,,,,33.4924204,,,,,32.97097298,36.32342315,30.65454271,28.27405946,27.10551384,26.04666675,24.90420852,24.89358377,,,
Austria,AUT,"PM2.5 air pollution, population exposed to levels exceeding WHO guideline value (% of total)",EN.ATM.PM25.MC.ZS,,,,,,,,,,,,,,,,,,,,,,,,,,,,,,,99.65557002,,,,,99.23245662,,,,,98.67842588,,,,,99.14829843,,,,,98.45154185,99.25717078,97.41014309,95.76835515,93.78567197,91.47446535,85.01593469,85.05153767,,,
Azerbaijan,AZE,"PM2.5 air pollution, population exposed to levels exceeding WHO guideline value (% of total)",EN.ATM.PM25.MC.ZS,,,,,,,,,,,,,,,,,,,,,,,,,,,,,,,100,,,,,100,,,,,100,,,,,100,,,,,100,100,100,100,100,100,100,100,,,
Burundi,BDI,"PM2.5 air pollution, population exposed to levels exceeding WHO guideline value (% of total)",EN.ATM.PM25.MC.ZS,,,,,,,,,,,,,,,,,,,,,,,,,,,,,,,100,,,,,100,,,,,100,,,,,100,,,,,100,100,100,100,100,100,100,100,,,
Belgium,BEL,"PM2.5 air pollution, population exposed to levels exceeding WHO guideline value (% of total)",EN.ATM.PM25.MC.ZS,,,,,,,,,,,,,,,,,,,,,,,,,,,,,,,99.8690949,,,,,99.63689199,,,,,99.27541557,,,,,98.99788227,,,,,99.49558887,99.35474206,98.42810981,96.80229286,94.48915243,95.10434538,91.78911483,91.94854035,,,
Benin,BEN,"PM2.5 air pollution, population exposed to levels exceeding WHO guideline value (% of total)",EN.ATM.PM25.MC.ZS,,,,,,,,,,,,,,,,,,,,,,,,,,,,,,,100,,,,,100,,,,,100,,,,,100,,,,,100,100,100,100,100,100,100,100,,,
Burkina Faso,BFA,"PM2.5 air pollution, population exposed to levels exceeding WHO guideline value (% of total)",EN.ATM.PM25.MC.ZS,,,,,,,,,,,,,,,,,,,,,,,,,,,,,,,100,,,,,100,,,,,100,,,,,100,,,,,100,100,100,100,100,100,100,100,,,
Bangladesh,BGD,"PM2.5 air pollution, population exposed to levels exceeding WHO guideline value (% of total)",EN.ATM.PM25.MC.ZS,,,,,,,,,,,,,,,,,,,,,,,,,,,,,,,100,,,,,100,,,,,100,,,,,100,,,,,100,100,100,100,100,100,100,100,,,
Bulgaria,BGR,"PM2.5 air pollution, population exposed to levels exceeding WHO guideline value (% of total)",EN.ATM.PM25.MC.ZS,,,,,,,,,,,,,,,,,,,,,,,,,,,,,,,99.95466196,,,,,99.95382521,,,,,99.96193354,,,,,99.96311162,,,,,99.96438954,99.96465041,99.96493776,99.96527947,99.9657025,99.96623179,99.89349344,99.89467432,,,
Bahrain,BHR,"PM2.5 air pollution, population exposed to levels exceeding WHO guideline value (% of total)",EN.ATM.PM25.MC.ZS,,,,,,,,,,,,,,,,,,,,,,,,,,,,,,,100,,,,,100,,,,,100,,,,,100,,,,,100,100,100,100,100,100,100,100,,,
"Bahamas, The",BHS,"PM2.5 air pollution, population exposed to levels exceeding WHO guideline value (% of total)",EN.ATM.PM25.MC.ZS,,,,,,,,,,,,,,,,,,,,,,,,,,,,,,,100,,,,,100,,,,,100,,,,,100,,,,,100,100,100,100,100,100,99.99999999,99.99999999,,,
Bosnia and Herzegovina,BIH,"PM2.5 air pollution, population exposed to levels exceeding WHO guideline value (% of total)",EN.ATM.PM25.MC.ZS,,,,,,,,,,,,,,,,,,,,,,,,,,,,,,,100,,,,,100,,,,,100,,,,,100,,,,,100,100,100,100,100,100,99.95544692,99.95523503,,,
Belarus,BLR,"PM2.5 air pollution, population exposed to levels exceeding WHO guideline value (% of total)",EN.ATM.PM25.MC.ZS,,,,,,,,,,,,,,,,,,,,,,,,,,,,,,,100,,,,,100,,,,,100,,,,,100,,,,,100,100,100,100,100,100,100,99.93135197,,,
Belize,BLZ,"PM2.5 air pollution, population exposed to levels exceeding WHO guideline value (% of total)",EN.ATM.PM25.MC.ZS,,,,,,,,,,,,,,,,,,,,,,,,,,,,,,,100,,,,,100,,,,,100,,,,,100,,,,,100,100,100,100,100,100,100,100,,,
Bermuda,BMU,"PM2.5 air pollution, population exposed to levels exceeding WHO guideline value (% of total)",EN.ATM.PM25.MC.ZS,,,,,,,,,,,,,,,,,,,,,,,,,,,,,,,100,,,,,100,,,,,100,,,,,100,,,,,100,100,100,100,100,100,100,100,,,
Bolivia,BOL,"PM2.5 air pollution, population exposed to levels exceeding WHO guideline value (% of total)",EN.ATM.PM25.MC.ZS,,,,,,,,,,,,,,,,,,,,,,,,,,,,,,,100,,,,,100,,,,,100,,,,,100,,,,,100,100,100,100,100,99.9997323,99.99748599,99.99913202,,,
Brazil,BRA,"PM2.5 air pollution, population exposed to levels exceeding WHO guideline value (% of total)",EN.ATM.PM25.MC.ZS,,,,,,,,,,,,,,,,,,,,,,,,,,,,,,,88.9953306,,,,,89.49137668,,,,,90.79140477,,,,,89.78408308,,,,,90.93812329,91.92837459,86.82923025,85.33471375,77.11647309,74.92775153,67.95255918,68.13503006,,,
Barbados,BRB,"PM2.5 air pollution, population exposed to levels exceeding WHO guideline value (% of total)",EN.ATM.PM25.MC.ZS,,,,,,,,,,,,,,,,,,,,,,,,,,,,,,,100,,,,,100,,,,,100,,,,,100,,,,,100,100,100,100,100,100,100,100,,,
Brunei Darussalam,BRN,"PM2.5 air pollution, population exposed to levels exceeding WHO guideline value (% of total)",EN.ATM.PM25.MC.ZS,,,,,,,,,,,,,,,,,,,,,,,,,,,,,,,0,,,,,0,,,,,0,,,,,1.76213857,,,,,1.767244424,1.767920142,1.768517699,0,0,0,0,0,,,
Bhutan,BTN,"PM2.5 air pollution, population exposed to levels exceeding WHO guideline value (% of total)",EN.ATM.PM25.MC.ZS,,,,,,,,,,,,,,,,,,,,,,,,,,,,,,,100,,,,,100,,,,,100,,,,,100,,,,,100,100,100,100,100,100,100,100,,,
Botswana,BWA,"PM2.5 air pollution, population exposed to levels exceeding WHO guideline value (% of total)",EN.ATM.PM25.MC.ZS,,,,,,,,,,,,,,,,,,,,,,,,,,,,,,,100,,,,,100,,,,,100,,,,,100,,,,,100,100,100,100,100,100,100,100,,,
Central African Republic,CAF,"PM2.5 air pollution, population exposed to levels exceeding WHO guideline value (% of total)",EN.ATM.PM25.MC.ZS,,,,,,,,,,,,,,,,,,,,,,,,,,,,,,,100,,,,,100,,,,,100,,,,,100,,,,,100,100,100,100,100,100,100,100,,,
Canada,CAN,"PM2.5 air pollution, population exposed to levels exceeding WHO guideline value (% of total)",EN.ATM.PM25.MC.ZS,,,,,,,,,,,,,,,,,,,,,,,,,,,,,,,16.21291608,,,,,12.91223135,,,,,11.02131749,,,,,19.60268225,,,,,13.66721763,18.72081855,8.338183945,6.630326768,2.023391521,0.725554042,0,0,,,
Central Europe and the Baltics,CEB,"PM2.5 air pollution, population exposed to levels exceeding WHO guideline value (% of total)",EN.ATM.PM25.MC.ZS,,,,,,,,,,,,,,,,,,,,,,,,,,,,,,,98.94583265,,,,,98.76618326,,,,,98.7547789,,,,,98.77892563,,,,,98.79088116,98.78222425,98.60853583,98.53582675,98.36080183,98.42037199,97.96652398,97.94979993,,,
Switzerland,CHE,"PM2.5 air pollution, population exposed to levels exceeding WHO guideline value (% of total)",EN.ATM.PM25.MC.ZS,,,,,,,,,,,,,,,,,,,,,,,,,,,,,,,96.42866549,,,,,95.10024899,,,,,92.73058028,,,,,93.57506134,,,,,93.00070455,94.78523508,91.82091436,86.91049745,78.49918639,72.31110734,49.33945364,49.30013623,,,
Channel Islands,CHI,"PM2.5 air pollution, population exposed to levels exceeding WHO guideline value (% of total)",EN.ATM.PM25.MC.ZS,,,,,,,,,,,,,,,,,,,,,,,,,,,,,,,,,,,,,,,,,,,,,,,,,,,,,,,,,,,,,
Chile,CHL,"PM2.5 air pollution, population exposed to levels exceeding WHO guideline value (% of total)",EN.ATM.PM25.MC.ZS,,,,,,,,,,,,,,,,,,,,,,,,,,,,,,,99.35020241,,,,,99.3737591,,,,,99.24496998,,,,,99.27259617,,,,,99.28649823,99.31976119,99.29948107,99.30199962,99.15045175,98.57629893,97.59441874,97.66301771,,,
China,CHN,"PM2.5 air pollution, population exposed to levels exceeding WHO guideline value (% of total)",EN.ATM.PM25.MC.ZS,,,,,,,,,,,,,,,,,,,,,,,,,,,,,,,100,,,,,100,,,,,99.99999612,,,,,99.99999686,,,,,99.99999743,99.99999754,99.99999299,99.99999054,99.99995845,99.99995516,99.99829865,99.99829446,,,
Cote d'Ivoire,CIV,"PM2.5 air pollution, population exposed to levels exceeding WHO guideline value (% of total)",EN.ATM.PM25.MC.ZS,,,,,,,,,,,,,,,,,,,,,,,,,,,,,,,100,,,,,100,,,,,100,,,,,100,,,,,100,100,100,100,100,100,100,100,,,
Cameroon,CMR,"PM2.5 air pollution, population exposed to levels exceeding WHO guideline value (% of total)",EN.ATM.PM25.MC.ZS,,,,,,,,,,,,,,,,,,,,,,,,,,,,,,,100,,,,,100,,,,,100,,,,,100,,,,,100,100,100,100,100,100,100,100,,,
"Congo, Dem. Rep.",COD,"PM2.5 air pollution, population exposed to levels exceeding WHO guideline value (% of total)",EN.ATM.PM25.MC.ZS,,,,,,,,,,,,,,,,,,,,,,,,,,,,,,,100,,,,,100,,,,,100,,,,,100,,,,,100,100,100,100,100,100,100,100,,,
"Congo, Rep.",COG,"PM2.5 air pollution, population exposed to levels exceeding WHO guideline value (% of total)",EN.ATM.PM25.MC.ZS,,,,,,,,,,,,,,,,,,,,,,,,,,,,,,,100,,,,,100,,,,,100,,,,,100,,,,,100,100,100,100,100,100,100,100,,,
Colombia,COL,"PM2.5 air pollution, population exposed to levels exceeding WHO guideline value (% of total)",EN.ATM.PM25.MC.ZS,,,,,,,,,,,,,,,,,,,,,,,,,,,,,,,99.69689066,,,,,99.75641164,,,,,99.71683355,,,,,99.8770855,,,,,99.87603724,99.8381953,99.85618013,99.35286059,97.48104423,96.338151,92.74339524,92.10462898,,,
Comoros,COM,"PM2.5 air pollution, population exposed to levels exceeding WHO guideline value (% of total)",EN.ATM.PM25.MC.ZS,,,,,,,,,,,,,,,,,,,,,,,,,,,,,,,100,,,,,100,,,,,100,,,,,100,,,,,100,100,100,100,100,100,100,100,,,
Cabo Verde,CPV,"PM2.5 air pollution, population exposed to levels exceeding WHO guideline value (% of total)",EN.ATM.PM25.MC.ZS,,,,,,,,,,,,,,,,,,,,,,,,,,,,,,,100,,,,,100,,,,,100,,,,,100,,,,,100,100,100,100,100,100,100,100,,,
Costa Rica,CRI,"PM2.5 air pollution, population exposed to levels exceeding WHO guideline value (% of total)",EN.ATM.PM25.MC.ZS,,,,,,,,,,,,,,,,,,,,,,,,,,,,,,,100,,,,,100,,,,,100,,,,,100,,,,,100,100,100,100,100,99.97998602,99.71706666,99.68879337,,,
Caribbean small states,CSS,"PM2.5 air pollution, population exposed to levels exceeding WHO guideline value (% of total)",EN.ATM.PM25.MC.ZS,,,,,,,,,,,,,,,,,,,,,,,,,,,,,,,100,,,,,100,,,,,100,,,,,100,,,,,100,100,100,100,100,99.99997952,99.99888157,99.99873809,,,
Cuba,CUB,"PM2.5 air pollution, population exposed to levels exceeding WHO guideline value (% of total)",EN.ATM.PM25.MC.ZS,,,,,,,,,,,,,,,,,,,,,,,,,,,,,,,100,,,,,100,,,,,100,,,,,100,,,,,100,100,100,100,100,100,100,100,,,
Curacao,CUW,"PM2.5 air pollution, population exposed to levels exceeding WHO guideline value (% of total)",EN.ATM.PM25.MC.ZS,,,,,,,,,,,,,,,,,,,,,,,,,,,,,,,,,,,,,,,,,,,,,,,,,,,,,,,,,,,,,
Cayman Islands,CYM,"PM2.5 air pollution, population exposed to levels exceeding WHO guideline value (% of total)",EN.ATM.PM25.MC.ZS,,,,,,,,,,,,,,,,,,,,,,,,,,,,,,,,,,,,,,,,,,,,,,,,,,,,,,,,,,,,,
Cyprus,CYP,"PM2.5 air pollution, population exposed to levels exceeding WHO guideline value (% of total)",EN.ATM.PM25.MC.ZS,,,,,,,,,,,,,,,,,,,,,,,,,,,,,,,100,,,,,100,,,,,100,,,,,100,,,,,100,100,100,100,100,100,100,100,,,
Czech Republic,CZE,"PM2.5 air pollution, population exposed to levels exceeding WHO guideline value (% of total)",EN.ATM.PM25.MC.ZS,,,,,,,,,,,,,,,,,,,,,,,,,,,,,,,99.9816846,,,,,99.98157212,,,,,99.96735159,,,,,99.96775735,,,,,99.96840965,99.96851952,99.94347175,99.92720102,99.91786085,99.82828388,99.67485548,99.67721262,,,
Germany,DEU,"PM2.5 air pollution, population exposed to levels exceeding WHO guideline value (% of total)",EN.ATM.PM25.MC.ZS,,,,,,,,,,,,,,,,,,,,,,,,,,,,,,,99.75579068,,,,,99.64660636,,,,,99.40718619,,,,,99.18486098,,,,,99.59944007,99.44802945,98.29506796,97.84632154,95.72529588,95.95259594,89.15466272,89.17435643,,,
Djibouti,DJI,"PM2.5 air pollution, population exposed to levels exceeding WHO guideline value (% of total)",EN.ATM.PM25.MC.ZS,,,,,,,,,,,,,,,,,,,,,,,,,,,,,,,100,,,,,100,,,,,100,,,,,100,,,,,100,100,100,100,100,100,100,100,,,
Dominica,DMA,"PM2.5 air pollution, population exposed to levels exceeding WHO guideline value (% of total)",EN.ATM.PM25.MC.ZS,,,,,,,,,,,,,,,,,,,,,,,,,,,,,,,100,,,,,100,,,,,100,,,,,100,,,,,100,100,100,100,100,100,100,100,,,
Denmark,DNK,"PM2.5 air pollution, population exposed to levels exceeding WHO guideline value (% of total)",EN.ATM.PM25.MC.ZS,,,,,,,,,,,,,,,,,,,,,,,,,,,,,,,99.96173726,,,,,99.54927924,,,,,97.96609489,,,,,97.13967547,,,,,96.09901417,98.95868163,85.47423363,78.75029356,82.83430732,75.18744118,57.09176238,56.91445611,,,
Dominican Republic,DOM,"PM2.5 air pollution, population exposed to levels exceeding WHO guideline value (% of total)",EN.ATM.PM25.MC.ZS,,,,,,,,,,,,,,,,,,,,,,,,,,,,,,,100,,,,,100,,,,,100,,,,,100,,,,,100,100,100,100,99.97857173,99.97859822,99.91388391,99.91344262,,,
Algeria,DZA,"PM2.5 air pollution, population exposed to levels exceeding WHO guideline value (% of total)",EN.ATM.PM25.MC.ZS,,,,,,,,,,,,,,,,,,,,,,,,,,,,,,,100,,,,,100,,,,,100,,,,,100,,,,,100,100,100,100,100,100,100,100,,,
East Asia & Pacific (excluding high income),EAP,"PM2.5 air pollution, population exposed to levels exceeding WHO guideline value (% of total)",EN.ATM.PM25.MC.ZS,,,,,,,,,,,,,,,,,,,,,,,,,,,,,,,99.67387611,,,,,99.66932682,,,,,99.60176907,,,,,99.84895078,,,,,99.51433288,99.72143248,99.90999577,99.1718098,99.13815311,99.38569523,99.1426633,99.09715236,,,
Early-demographic dividend,EAR,"PM2.5 air pollution, population exposed to levels exceeding WHO guideline value (% of total)",EN.ATM.PM25.MC.ZS,,,,,,,,,,,,,,,,,,,,,,,,,,,,,,,99.77823238,,,,,99.78268323,,,,,99.73990091,,,,,99.90108002,,,,,99.68739122,99.82679307,99.94164063,99.48539228,99.45123634,99.58934895,99.38425969,99.35308882,,,
East Asia & Pacific,EAS,"PM2.5 air pollution, population exposed to levels exceeding WHO guideline value (% of total)",EN.ATM.PM25.MC.ZS,,,,,,,,,,,,,,,,,,,,,,,,,,,,,,,98.38199204,,,,,98.39351548,,,,,98.3259836,,,,,98.55880825,,,,,98.26664982,98.48284115,98.38546193,97.72834855,97.56988315,97.82578833,96.85641643,96.88993816,,,
Europe & Central Asia (excluding high income),ECA,"PM2.5 air pollution, population exposed to levels exceeding WHO guideline value (% of total)",EN.ATM.PM25.MC.ZS,,,,,,,,,,,,,,,,,,,,,,,,,,,,,,,98.56155025,,,,,98.10340178,,,,,98.31738788,,,,,98.33449093,,,,,98.54712125,98.39802782,98.14659254,97.45258314,97.17386695,96.75573171,96.38862591,96.37884382,,,
Europe & Central Asia,ECS,"PM2.5 air pollution, population exposed to levels exceeding WHO guideline value (% of total)",EN.ATM.PM25.MC.ZS,,,,,,,,,,,,,,,,,,,,,,,,,,,,,,,94.81195905,,,,,94.22175569,,,,,93.97627176,,,,,93.85003144,,,,,93.59659251,94.353298,92.26964604,91.07389117,88.30280692,88.60801453,85.06806912,85.05510594,,,
Ecuador,ECU,"PM2.5 air pollution, population exposed to levels exceeding WHO guideline value (% of total)",EN.ATM.PM25.MC.ZS,,,,,,,,,,,,,,,,,,,,,,,,,,,,,,,99.98107065,,,,,99.98928585,,,,,99.98581012,,,,,99.99901924,,,,,99.99971749,99.99709267,99.9987849,99.97453985,99.63520089,99.38916952,98.65234837,98.31562394,,,
"Egypt, Arab Rep.",EGY,"PM2.5 air pollution, population exposed to levels exceeding WHO guideline value (% of total)",EN.ATM.PM25.MC.ZS,,,,,,,,,,,,,,,,,,,,,,,,,,,,,,,100,,,,,100,,,,,100,,,,,100,,,,,100,100,100,100,100,100,100,100,,,
Euro area,EMU,"PM2.5 air pollution, population exposed to levels exceeding WHO guideline value (% of total)",EN.ATM.PM25.MC.ZS,,,,,,,,,,,,,,,,,,,,,,,,,,,,,,,93.0091796,,,,,92.47222462,,,,,92.03672348,,,,,91.98509366,,,,,91.43220803,92.65376376,89.29121231,87.6573948,82.77033971,84.39553269,77.25703159,77.36945454,,,
Eritrea,ERI,"PM2.5 air pollution, population exposed to levels exceeding WHO guideline value (% of total)",EN.ATM.PM25.MC.ZS,,,,,,,,,,,,,,,,,,,,,,,,,,,,,,,100,,,,,100,,,,,100,,,,,100,,,,,100,100,100,100,100,100,100,100,,,
Spain,ESP,"PM2.5 air pollution, population exposed to levels exceeding WHO guideline value (% of total)",EN.ATM.PM25.MC.ZS,,,,,,,,,,,,,,,,,,,,,,,,,,,,,,,77.57638671,,,,,76.35216271,,,,,75.03080043,,,,,74.1582474,,,,,72.15110766,78.727385,68.4927049,60.6831518,47.71914768,55.15272487,40.724385,41.11554943,,,
Estonia,EST,"PM2.5 air pollution, population exposed to levels exceeding WHO guideline value (% of total)",EN.ATM.PM25.MC.ZS,,,,,,,,,,,,,,,,,,,,,,,,,,,,,,,26.15621105,,,,,6.887299394,,,,,5.025807538,,,,,5.821428321,,,,,6.476011614,6.169849362,1.178708266,0.263896,0.258944001,0,0,0,,,
Ethiopia,ETH,"PM2.5 air pollution, population exposed to levels exceeding WHO guideline value (% of total)",EN.ATM.PM25.MC.ZS,,,,,,,,,,,,,,,,,,,,,,,,,,,,,,,100,,,,,100,,,,,100,,,,,100,,,,,100,100,100,100,100,100,100,100,,,
European Union,EUU,"PM2.5 air pollution, population exposed to levels exceeding WHO guideline value (% of total)",EN.ATM.PM25.MC.ZS,,,,,,,,,,,,,,,,,,,,,,,,,,,,,,,92.93490079,,,,,92.43108498,,,,,92.04998867,,,,,91.91210048,,,,,91.39462329,92.37707795,89.56028872,88.19764695,84.4590044,85.60740369,79.81177656,79.86332174,,,
Fragile and conflict affected situations,FCS,"PM2.5 air pollution, population exposed to levels exceeding WHO guideline value (% of total)",EN.ATM.PM25.MC.ZS,,,,,,,,,,,,,,,,,,,,,,,,,,,,,,,100,,,,,100,,,,,100,,,,,100,,,,,100,100,100,99.99999674,99.99991648,99.99982153,99.9976001,99.99764319,,,
Finland,FIN,"PM2.5 air pollution, population exposed to levels exceeding WHO guideline value (% of total)",EN.ATM.PM25.MC.ZS,,,,,,,,,,,,,,,,,,,,,,,,,,,,,,,1.627373859,,,,,0.673758399,,,,,0,,,,,0.724678786,,,,,0.73514962,0.737042448,0,0,0,0,0,0,,,
Fiji,FJI,"PM2.5 air pollution, population exposed to levels exceeding WHO guideline value (% of total)",EN.ATM.PM25.MC.ZS,,,,,,,,,,,,,,,,,,,,,,,,,,,,,,,100,,,,,100,,,,,100,,,,,100,,,,,100,100,100,100,99.99426434,99.97864842,93.69405468,82.80318235,,,
France,FRA,"PM2.5 air pollution, population exposed to levels exceeding WHO guideline value (% of total)",EN.ATM.PM25.MC.ZS,,,,,,,,,,,,,,,,,,,,,,,,,,,,,,,99.7744511,,,,,99.62535381,,,,,99.37341424,,,,,99.60444501,,,,,99.47900777,99.69818014,98.61152778,97.4091023,87.84524972,90.41211847,78.27749787,78.21356392,,,
Faroe Islands,FRO,"PM2.5 air pollution, population exposed to levels exceeding WHO guideline value (% of total)",EN.ATM.PM25.MC.ZS,,,,,,,,,,,,,,,,,,,,,,,,,,,,,,,,,,,,,,,,,,,,,,,,,,,,,,,,,,,,,
"Micronesia, Fed. Sts.",FSM,"PM2.5 air pollution, population exposed to levels exceeding WHO guideline value (% of total)",EN.ATM.PM25.MC.ZS,,,,,,,,,,,,,,,,,,,,,,,,,,,,,,,100,,,,,100,,,,,100,,,,,100,,,,,100,100,100,100,100,100,99.99999998,99.99999998,,,
Gabon,GAB,"PM2.5 air pollution, population exposed to levels exceeding WHO guideline value (% of total)",EN.ATM.PM25.MC.ZS,,,,,,,,,,,,,,,,,,,,,,,,,,,,,,,100,,,,,100,,,,,100,,,,,100,,,,,100,100,100,100,100,100,100,100,,,
United Kingdom,GBR,"PM2.5 air pollution, population exposed to levels exceeding WHO guideline value (% of total)",EN.ATM.PM25.MC.ZS,,,,,,,,,,,,,,,,,,,,,,,,,,,,,,,91.13908475,,,,,89.58045889,,,,,88.24742638,,,,,88.65418636,,,,,87.50243472,90.3821513,84.78734267,82.41659414,72.0666772,71.9634942,67.10067313,66.53324903,,,
Georgia,GEO,"PM2.5 air pollution, population exposed to levels exceeding WHO guideline value (% of total)",EN.ATM.PM25.MC.ZS,,,,,,,,,,,,,,,,,,,,,,,,,,,,,,,100,,,,,100,,,,,100,,,,,100,,,,,100,100,100,100,100,100,100,100,,,
Ghana,GHA,"PM2.5 air pollution, population exposed to levels exceeding WHO guideline value (% of total)",EN.ATM.PM25.MC.ZS,,,,,,,,,,,,,,,,,,,,,,,,,,,,,,,100,,,,,100,,,,,100,,,,,100,,,,,100,100,100,100,100,100,100,100,,,
Gibraltar,GIB,"PM2.5 air pollution, population exposed to levels exceeding WHO guideline value (% of total)",EN.ATM.PM25.MC.ZS,,,,,,,,,,,,,,,,,,,,,,,,,,,,,,,,,,,,,,,,,,,,,,,,,,,,,,,,,,,,,
Guinea,GIN,"PM2.5 air pollution, population exposed to levels exceeding WHO guideline value (% of total)",EN.ATM.PM25.MC.ZS,,,,,,,,,,,,,,,,,,,,,,,,,,,,,,,100,,,,,100,,,,,100,,,,,100,,,,,100,100,100,100,100,100,100,100,,,
"Gambia, The",GMB,"PM2.5 air pollution, population exposed to levels exceeding WHO guideline value (% of total)",EN.ATM.PM25.MC.ZS,,,,,,,,,,,,,,,,,,,,,,,,,,,,,,,100,,,,,100,,,,,100,,,,,100,,,,,100,100,100,100,100,100,100,100,,,
Guinea-Bissau,GNB,"PM2.5 air pollution, population exposed to levels exceeding WHO guideline value (% of total)",EN.ATM.PM25.MC.ZS,,,,,,,,,,,,,,,,,,,,,,,,,,,,,,,100,,,,,100,,,,,100,,,,,100,,,,,100,100,100,100,100,100,100,100,,,
Equatorial Guinea,GNQ,"PM2.5 air pollution, population exposed to levels exceeding WHO guideline value (% of total)",EN.ATM.PM25.MC.ZS,,,,,,,,,,,,,,,,,,,,,,,,,,,,,,,100,,,,,100,,,,,100,,,,,100,,,,,100,100,100,100,100,100,100,100,,,
Greece,GRC,"PM2.5 air pollution, population exposed to levels exceeding WHO guideline value (% of total)",EN.ATM.PM25.MC.ZS,,,,,,,,,,,,,,,,,,,,,,,,,,,,,,,100,,,,,100,,,,,100,,,,,100,,,,,100,100,100,100,100,100,100,100,,,
Grenada,GRD,"PM2.5 air pollution, population exposed to levels exceeding WHO guideline value (% of total)",EN.ATM.PM25.MC.ZS,,,,,,,,,,,,,,,,,,,,,,,,,,,,,,,100,,,,,100,,,,,100,,,,,100,,,,,100,100,100,100,100,100,100,100,,,
Greenland,GRL,"PM2.5 air pollution, population exposed to levels exceeding WHO guideline value (% of total)",EN.ATM.PM25.MC.ZS,,,,,,,,,,,,,,,,,,,,,,,,,,,,,,,100,,,,,100,,,,,100,,,,,100,,,,,100,100,100,100,98.76045629,98.75354563,80.10090371,80.01601067,,,
Guatemala,GTM,"PM2.5 air pollution, population exposed to levels exceeding WHO guideline value (% of total)",EN.ATM.PM25.MC.ZS,,,,,,,,,,,,,,,,,,,,,,,,,,,,,,,100,,,,,100,,,,,100,,,,,100,,,,,100,100,100,100,100,100,100,100,,,
Guam,GUM,"PM2.5 air pollution, population exposed to levels exceeding WHO guideline value (% of total)",EN.ATM.PM25.MC.ZS,,,,,,,,,,,,,,,,,,,,,,,,,,,,,,,100,,,,,100,,,,,100,,,,,100,,,,,100,100,100,100,91.66666667,100,83.33333333,83.33333333,,,
Guyana,GUY,"PM2.5 air pollution, population exposed to levels exceeding WHO guideline value (% of total)",EN.ATM.PM25.MC.ZS,,,,,,,,,,,,,,,,,,,,,,,,,,,,,,,100,,,,,100,,,,,100,,,,,100,,,,,100,100,100,100,100,99.99980863,99.98953471,99.98817732,,,
High income,HIC,"PM2.5 air pollution, population exposed to levels exceeding WHO guideline value (% of total)",EN.ATM.PM25.MC.ZS,,,,,,,,,,,,,,,,,,,,,,,,,,,,,,,77.94657715,,,,,76.34140558,,,,,75.44434378,,,,,75.71824371,,,,,73.62724609,76.77190209,69.3329816,66.40099518,61.33796727,60.80598124,55.23885645,55.33712663,,,
"Hong Kong SAR, China",HKG,"PM2.5 air pollution, population exposed to levels exceeding WHO guideline value (% of total)",EN.ATM.PM25.MC.ZS,,,,,,,,,,,,,,,,,,,,,,,,,,,,,,,,,,,,,,,,,,,,,,,,,,,,,,,,,,,,,
Honduras,HND,"PM2.5 air pollution, population exposed to levels exceeding WHO guideline value (% of total)",EN.ATM.PM25.MC.ZS,,,,,,,,,,,,,,,,,,,,,,,,,,,,,,,100,,,,,100,,,,,100,,,,,100,,,,,100,100,100,100,100,99.99887667,99.98207531,99.98352171,,,
Heavily indebted poor countries (HIPC),HPC,"PM2.5 air pollution, population exposed to levels exceeding WHO guideline value (% of total)",EN.ATM.PM25.MC.ZS,,,,,,,,,,,,,,,,,,,,,,,,,,,,,,,99.99996699,,,,,99.99996662,,,,,99.99929042,,,,,99.99936067,,,,,99.99942247,99.99943475,99.99944701,99.99945923,99.99937622,99.9993707,99.99890027,99.99895202,,,
Croatia,HRV,"PM2.5 air pollution, population exposed to levels exceeding WHO guideline value (% of total)",EN.ATM.PM25.MC.ZS,,,,,,,,,,,,,,,,,,,,,,,,,,,,,,,100,,,,,100,,,,,100,,,,,100,,,,,100,100,100,100,100,100,99.78069913,99.77960527,,,
Haiti,HTI,"PM2.5 air pollution, population exposed to levels exceeding WHO guideline value (% of total)",EN.ATM.PM25.MC.ZS,,,,,,,,,,,,,,,,,,,,,,,,,,,,,,,100,,,,,100,,,,,100,,,,,100,,,,,100,100,100,100,100,100,100,100,,,
Hungary,HUN,"PM2.5 air pollution, population exposed to levels exceeding WHO guideline value (% of total)",EN.ATM.PM25.MC.ZS,,,,,,,,,,,,,,,,,,,,,,,,,,,,,,,100,,,,,100,,,,,100,,,,,100,,,,,100,100,100,100,100,100,100,100,,,
IBRD only,IBD,"PM2.5 air pollution, population exposed to levels exceeding WHO guideline value (% of total)",EN.ATM.PM25.MC.ZS,,,,,,,,,,,,,,,,,,,,,,,,,,,,,,,99.19123385,,,,,99.17043097,,,,,99.22856993,,,,,99.29499568,,,,,99.2287347,99.35996303,99.16972545,98.70496549,98.2555454,98.2102708,97.53300041,97.40832993,,,
IDA & IBRD total,IBT,"PM2.5 air pollution, population exposed to levels exceeding WHO guideline value (% of total)",EN.ATM.PM25.MC.ZS,,,,,,,,,,,,,,,,,,,,,,,,,,,,,,,99.34746917,,,,,99.33829443,,,,,99.39236451,,,,,99.45251111,,,,,99.41029107,99.51209291,99.36874106,99.01826506,98.67280771,98.64353673,98.13648786,98.04752447,,,
IDA total,IDA,"PM2.5 air pollution, population exposed to levels exceeding WHO guideline value (% of total)",EN.ATM.PM25.MC.ZS,,,,,,,,,,,,,,,,,,,,,,,,,,,,,,,99.99998595,,,,,99.99915108,,,,,99.99904545,,,,,99.99911952,,,,,99.99973561,99.99973991,99.99911893,99.99889188,99.96299851,99.96639163,99.95534776,99.94889222,,,
IDA blend,IDB,"PM2.5 air pollution, population exposed to levels exceeding WHO guideline value (% of total)",EN.ATM.PM25.MC.ZS,,,,,,,,,,,,,,,,,,,,,,,,,,,,,,,100,,,,,100,,,,,100,,,,,100,,,,,100,100,100,100,99.99999008,99.99996384,99.98944605,99.97181765,,,
Indonesia,IDN,"PM2.5 air pollution, population exposed to levels exceeding WHO guideline value (% of total)",EN.ATM.PM25.MC.ZS,,,,,,,,,,,,,,,,,,,,,,,,,,,,,,,97.65695787,,,,,97.66009417,,,,,97.10847229,,,,,99.00021131,,,,,96.42305878,98.06412739,99.51360267,94.21097786,94.49722032,96.1423725,95.69352975,95.56714726,,,
IDA only,IDX,"PM2.5 air pollution, population exposed to levels exceeding WHO guideline value (% of total)",EN.ATM.PM25.MC.ZS,,,,,,,,,,,,,,,,,,,,,,,,,,,,,,,99.99997887,,,,,99.99872483,,,,,99.99856548,,,,,99.99867896,,,,,99.99960275,99.99960892,99.99867451,99.99833205,99.94428293,99.9493865,99.93806239,99.93726552,,,
Isle of Man,IMN,"PM2.5 air pollution, population exposed to levels exceeding WHO guideline value (% of total)",EN.ATM.PM25.MC.ZS,,,,,,,,,,,,,,,,,,,,,,,,,,,,,,,,,,,,,,,,,,,,,,,,,,,,,,,,,,,,,
India,IND,"PM2.5 air pollution, population exposed to levels exceeding WHO guideline value (% of total)",EN.ATM.PM25.MC.ZS,,,,,,,,,,,,,,,,,,,,,,,,,,,,,,,100,,,,,100,,,,,100,,,,,100,,,,,100,100,100,100,100,100,100,100,,,
Not classified,INX,"PM2.5 air pollution, population exposed to levels exceeding WHO guideline value (% of total)",EN.ATM.PM25.MC.ZS,,,,,,,,,,,,,,,,,,,,,,,,,,,,,,,,,,,,,,,,,,,,,,,,,,,,,,,,,,,,,
Ireland,IRL,"PM2.5 air pollution, population exposed to levels exceeding WHO guideline value (% of total)",EN.ATM.PM25.MC.ZS,,,,,,,,,,,,,,,,,,,,,,,,,,,,,,,60.3008592,,,,,54.96168023,,,,,50.33809979,,,,,46.53983811,,,,,49.33923499,56.87936973,29.96477012,27.36131406,3.611993262,2.718190834,0.273735769,0.274091679,,,
"Iran, Islamic Rep.",IRN,"PM2.5 air pollution, population exposed to levels exceeding WHO guideline value (% of total)",EN.ATM.PM25.MC.ZS,,,,,,,,,,,,,,,,,,,,,,,,,,,,,,,100,,,,,100,,,,,100,,,,,100,,,,,100,100,100,100,100,100,100,100,,,
Iraq,IRQ,"PM2.5 air pollution, population exposed to levels exceeding WHO guideline value (% of total)",EN.ATM.PM25.MC.ZS,,,,,,,,,,,,,,,,,,,,,,,,,,,,,,,100,,,,,100,,,,,100,,,,,100,,,,,100,100,100,100,100,100,100,100,,,
Iceland,ISL,"PM2.5 air pollution, population exposed to levels exceeding WHO guideline value (% of total)",EN.ATM.PM25.MC.ZS,,,,,,,,,,,,,,,,,,,,,,,,,,,,,,,22.82265445,,,,,21.21259897,,,,,18.15976237,,,,,14.71667416,,,,,16.81281434,16.96763852,13.19362565,12.84403823,12.1246396,11.98495478,11.10046178,10.28521579,,,
Israel,ISR,"PM2.5 air pollution, population exposed to levels exceeding WHO guideline value (% of total)",EN.ATM.PM25.MC.ZS,,,,,,,,,,,,,,,,,,,,,,,,,,,,,,,100,,,,,100,,,,,100,,,,,100,,,,,100,100,100,100,100,100,100,100,,,
Italy,ITA,"PM2.5 air pollution, population exposed to levels exceeding WHO guideline value (% of total)",EN.ATM.PM25.MC.ZS,,,,,,,,,,,,,,,,,,,,,,,,,,,,,,,98.8103869,,,,,98.77068354,,,,,98.53143399,,,,,98.41560076,,,,,98.11216648,98.57762205,97.84864873,97.26338617,96.58307004,96.75457394,94.54848442,94.777214,,,
Jamaica,JAM,"PM2.5 air pollution, population exposed to levels exceeding WHO guideline value (% of total)",EN.ATM.PM25.MC.ZS,,,,,,,,,,,,,,,,,,,,,,,,,,,,,,,100,,,,,100,,,,,100,,,,,100,,,,,100,100,100,100,100,100,100,100,,,
Jordan,JOR,"PM2.5 air pollution, population exposed to levels exceeding WHO guideline value (% of total)",EN.ATM.PM25.MC.ZS,,,,,,,,,,,,,,,,,,,,,,,,,,,,,,,100,,,,,100,,,,,100,,,,,100,,,,,100,100,100,100,100,100,100,100,,,
Japan,JPN,"PM2.5 air pollution, population exposed to levels exceeding WHO guideline value (% of total)",EN.ATM.PM25.MC.ZS,,,,,,,,,,,,,,,,,,,,,,,,,,,,,,,92.52874907,,,,,92.506271,,,,,91.74729438,,,,,92.09008334,,,,,92.58883122,92.56048747,89.13152401,89.80213203,87.81962942,88.66865042,75.41211147,76.76150823,,,
Kazakhstan,KAZ,"PM2.5 air pollution, population exposed to levels exceeding WHO guideline value (% of total)",EN.ATM.PM25.MC.ZS,,,,,,,,,,,,,,,,,,,,,,,,,,,,,,,97.97481027,,,,,97.47356781,,,,,96.82196491,,,,,96.80261789,,,,,97.2109484,97.53209832,96.22187137,95.65702147,91.60699878,92.6415526,87.15238088,87.41423053,,,
Kenya,KEN,"PM2.5 air pollution, population exposed to levels exceeding WHO guideline value (% of total)",EN.ATM.PM25.MC.ZS,,,,,,,,,,,,,,,,,,,,,,,,,,,,,,,100,,,,,100,,,,,100,,,,,100,,,,,100,100,100,100,100,100,100,100,,,
Kyrgyz Republic,KGZ,"PM2.5 air pollution, population exposed to levels exceeding WHO guideline value (% of total)",EN.ATM.PM25.MC.ZS,,,,,,,,,,,,,,,,,,,,,,,,,,,,,,,100,,,,,99.82613248,,,,,99.85855865,,,,,99.86039273,,,,,100,100,99.84093894,99.78157274,98.07187745,99.10894838,97.40665321,97.43255692,,,
Cambodia,KHM,"PM2.5 air pollution, population exposed to levels exceeding WHO guideline value (% of total)",EN.ATM.PM25.MC.ZS,,,,,,,,,,,,,,,,,,,,,,,,,,,,,,,100,,,,,100,,,,,100,,,,,100,,,,,100,100,100,100,100,100,100,100,,,
Kiribati,KIR,"PM2.5 air pollution, population exposed to levels exceeding WHO guideline value (% of total)",EN.ATM.PM25.MC.ZS,,,,,,,,,,,,,,,,,,,,,,,,,,,,,,,100,,,,,100,,,,,100,,,,,100,,,,,100,100,100,99.99999992,99.99999958,99.99999957,99.9999995,99.9999995,,,
St. Kitts and Nevis,KNA,"PM2.5 air pollution, population exposed to levels exceeding WHO guideline value (% of total)",EN.ATM.PM25.MC.ZS,,,,,,,,,,,,,,,,,,,,,,,,,,,,,,,,,,,,,,,,,,,,,,,,,,,,,,,,,,,,,
"Korea, Rep.",KOR,"PM2.5 air pollution, population exposed to levels exceeding WHO guideline value (% of total)",EN.ATM.PM25.MC.ZS,,,,,,,,,,,,,,,,,,,,,,,,,,,,,,,100,,,,,100,,,,,100,,,,,100,,,,,100,100,100,100,100,100,100,100,,,
Kuwait,KWT,"PM2.5 air pollution, population exposed to levels exceeding WHO guideline value (% of total)",EN.ATM.PM25.MC.ZS,,,,,,,,,,,,,,,,,,,,,,,,,,,,,,,100,,,,,100,,,,,100,,,,,100,,,,,100,100,100,100,100,100,100,100,,,
Latin America & Caribbean (excluding high income),LAC,"PM2.5 air pollution, population exposed to levels exceeding WHO guideline value (% of total)",EN.ATM.PM25.MC.ZS,,,,,,,,,,,,,,,,,,,,,,,,,,,,,,,95.81367977,,,,,96.0143177,,,,,96.49847886,,,,,96.1394078,,,,,96.5903236,96.97079496,95.08810279,94.4704983,91.22297615,90.2898667,87.03592113,87.04314413,,,
Lao PDR,LAO,"PM2.5 air pollution, population exposed to levels exceeding WHO guideline value (% of total)",EN.ATM.PM25.MC.ZS,,,,,,,,,,,,,,,,,,,,,,,,,,,,,,,100,,,,,100,,,,,100,,,,,100,,,,,100,100,100,100,100,100,100,100,,,
Lebanon,LBN,"PM2.5 air pollution, population exposed to levels exceeding WHO guideline value (% of total)",EN.ATM.PM25.MC.ZS,,,,,,,,,,,,,,,,,,,,,,,,,,,,,,,100,,,,,100,,,,,100,,,,,100,,,,,100,100,100,100,100,100,100,100,,,
Liberia,LBR,"PM2.5 air pollution, population exposed to levels exceeding WHO guideline value (% of total)",EN.ATM.PM25.MC.ZS,,,,,,,,,,,,,,,,,,,,,,,,,,,,,,,100,,,,,100,,,,,100,,,,,100,,,,,100,100,100,100,100,100,100,100,,,
Libya,LBY,"PM2.5 air pollution, population exposed to levels exceeding WHO guideline value (% of total)",EN.ATM.PM25.MC.ZS,,,,,,,,,,,,,,,,,,,,,,,,,,,,,,,100,,,,,100,,,,,100,,,,,100,,,,,100,100,100,100,100,100,100,100,,,
St. Lucia,LCA,"PM2.5 air pollution, population exposed to levels exceeding WHO guideline value (% of total)",EN.ATM.PM25.MC.ZS,,,,,,,,,,,,,,,,,,,,,,,,,,,,,,,100,,,,,100,,,,,100,,,,,100,,,,,100,100,100,100,100,100,100,100,,,
Latin America & Caribbean,LCN,"PM2.5 air pollution, population exposed to levels exceeding WHO guideline value (% of total)",EN.ATM.PM25.MC.ZS,,,,,,,,,,,,,,,,,,,,,,,,,,,,,,,95.27216036,,,,,95.50313062,,,,,96.47013791,,,,,96.08519156,,,,,96.56598739,97.01878628,94.97614817,94.31491052,91.1233236,90.2523534,87.18648235,87.1984959,,,
Least developed countries: UN classification,LDC,"PM2.5 air pollution, population exposed to levels exceeding WHO guideline value (% of total)",EN.ATM.PM25.MC.ZS,,,,,,,,,,,,,,,,,,,,,,,,,,,,,,,100,,,,,100,,,,,100,,,,,100,,,,,100,100,100,100,100,100,100,99.99994684,,,
Low income,LIC,"PM2.5 air pollution, population exposed to levels exceeding WHO guideline value (% of total)",EN.ATM.PM25.MC.ZS,,,,,,,,,,,,,,,,,,,,,,,,,,,,,,,100,,,,,100,,,,,100,,,,,100,,,,,100,100,100,100,100,100,100,100,,,
Liechtenstein,LIE,"PM2.5 air pollution, population exposed to levels exceeding WHO guideline value (% of total)",EN.ATM.PM25.MC.ZS,,,,,,,,,,,,,,,,,,,,,,,,,,,,,,,,,,,,,,,,,,,,,,,,,,,,,,,,,,,,,
Sri Lanka,LKA,"PM2.5 air pollution, population exposed to levels exceeding WHO guideline value (% of total)",EN.ATM.PM25.MC.ZS,,,,,,,,,,,,,,,,,,,,,,,,,,,,,,,100,,,,,100,,,,,100,,,,,100,,,,,100,100,100,100,100,100,69.06296284,45.53841726,,,
Lower middle income,LMC,"PM2.5 air pollution, population exposed to levels exceeding WHO guideline value (% of total)",EN.ATM.PM25.MC.ZS,,,,,,,,,,,,,,,,,,,,,,,,,,,,,,,99.78508089,,,,,99.78920004,,,,,99.74683654,,,,,99.91243778,,,,,99.69764187,99.83586245,99.95693041,99.50413769,99.50185993,99.65635174,99.32083633,99.13951566,,,
Low & middle income,LMY,"PM2.5 air pollution, population exposed to levels exceeding WHO guideline value (% of total)",EN.ATM.PM25.MC.ZS,,,,,,,,,,,,,,,,,,,,,,,,,,,,,,,99.35436045,,,,,99.34412754,,,,,99.39536148,,,,,99.46339358,,,,,99.41547041,99.51352423,99.38768407,99.03675191,98.70355035,98.6766753,98.17077756,98.08079364,,,
Lesotho,LSO,"PM2.5 air pollution, population exposed to levels exceeding WHO guideline value (% of total)",EN.ATM.PM25.MC.ZS,,,,,,,,,,,,,,,,,,,,,,,,,,,,,,,100,,,,,100,,,,,100,,,,,100,,,,,100,100,100,100,100,100,100,100,,,
Late-demographic dividend,LTE,"PM2.5 air pollution, population exposed to levels exceeding WHO guideline value (% of total)",EN.ATM.PM25.MC.ZS,,,,,,,,,,,,,,,,,,,,,,,,,,,,,,,98.37036972,,,,,98.29715565,,,,,98.555859,,,,,98.45818728,,,,,98.59346244,98.70360865,98.05461133,97.69115543,96.70988891,96.41701547,95.26209896,95.03656923,,,
Lithuania,LTU,"PM2.5 air pollution, population exposed to levels exceeding WHO guideline value (% of total)",EN.ATM.PM25.MC.ZS,,,,,,,,,,,,,,,,,,,,,,,,,,,,,,,99.93809914,,,,,99.93632686,,,,,99.9443701,,,,,99.94080044,,,,,99.93703877,99.936274,99.93550171,99.93471758,99.93391988,99.5312153,97.07495748,95.99985931,,,
Luxembourg,LUX,"PM2.5 air pollution, population exposed to levels exceeding WHO guideline value (% of total)",EN.ATM.PM25.MC.ZS,,,,,,,,,,,,,,,,,,,,,,,,,,,,,,,100,,,,,100,,,,,99.66423051,,,,,96.44054417,,,,,99.87426795,99.87655673,90.9053329,89.43147575,78.01659635,79.97926683,68.73273003,68.77562274,,,
Latvia,LVA,"PM2.5 air pollution, population exposed to levels exceeding WHO guideline value (% of total)",EN.ATM.PM25.MC.ZS,,,,,,,,,,,,,,,,,,,,,,,,,,,,,,,99.97949523,,,,,99.60808112,,,,,99.35650907,,,,,99.51499479,,,,,99.55003468,99.26025289,97.97096003,96.58677022,96.62907823,92.27308655,89.41149817,89.0140462,,,
"Macao SAR, China",MAC,"PM2.5 air pollution, population exposed to levels exceeding WHO guideline value (% of total)",EN.ATM.PM25.MC.ZS,,,,,,,,,,,,,,,,,,,,,,,,,,,,,,,,,,,,,,,,,,,,,,,,,,,,,,,,,,,,,
St. Martin (French part),MAF,"PM2.5 air pollution, population exposed to levels exceeding WHO guideline value (% of total)",EN.ATM.PM25.MC.ZS,,,,,,,,,,,,,,,,,,,,,,,,,,,,,,,,,,,,,,,,,,,,,,,,,,,,,,,,,,,,,
Morocco,MAR,"PM2.5 air pollution, population exposed to levels exceeding WHO guideline value (% of total)",EN.ATM.PM25.MC.ZS,,,,,,,,,,,,,,,,,,,,,,,,,,,,,,,100,,,,,100,,,,,100,,,,,100,,,,,100,100,100,100,100,100,100,100,,,
Monaco,MCO,"PM2.5 air pollution, population exposed to levels exceeding WHO guideline value (% of total)",EN.ATM.PM25.MC.ZS,,,,,,,,,,,,,,,,,,,,,,,,,,,,,,,,,,,,,,,,,,,,,,,,,,,,,,,,,,,,,
Moldova,MDA,"PM2.5 air pollution, population exposed to levels exceeding WHO guideline value (% of total)",EN.ATM.PM25.MC.ZS,,,,,,,,,,,,,,,,,,,,,,,,,,,,,,,100,,,,,100,,,,,100,,,,,100,,,,,100,100,100,100,100,100,100,100,,,
Madagascar,MDG,"PM2.5 air pollution, population exposed to levels exceeding WHO guideline value (% of total)",EN.ATM.PM25.MC.ZS,,,,,,,,,,,,,,,,,,,,,,,,,,,,,,,100,,,,,100,,,,,100,,,,,100,,,,,100,100,100,100,100,100,100,100,,,
Maldives,MDV,"PM2.5 air pollution, population exposed to levels exceeding WHO guideline value (% of total)",EN.ATM.PM25.MC.ZS,,,,,,,,,,,,,,,,,,,,,,,,,,,,,,,99.99999839,,,,,99.99999863,,,,,99.99999784,,,,,99.99999814,,,,,99.99999846,99.99999851,99.99999854,99.99999848,8.40E-08,6.87E-08,0,0,,,
Middle East & North Africa,MEA,"PM2.5 air pollution, population exposed to levels exceeding WHO guideline value (% of total)",EN.ATM.PM25.MC.ZS,,,,,,,,,,,,,,,,,,,,,,,,,,,,,,,100,,,,,100,,,,,100,,,,,100,,,,,100,100,100,100,100,100,100,100,,,
Mexico,MEX,"PM2.5 air pollution, population exposed to levels exceeding WHO guideline value (% of total)",EN.ATM.PM25.MC.ZS,,,,,,,,,,,,,,,,,,,,,,,,,,,,,,,99.96149786,,,,,99.95966067,,,,,99.93952763,,,,,99.94016516,,,,,99.93565185,99.94654393,99.93348652,99.91486566,99.7621771,99.71526554,99.656644,99.65612655,,,
Marshall Islands,MHL,"PM2.5 air pollution, population exposed to levels exceeding WHO guideline value (% of total)",EN.ATM.PM25.MC.ZS,,,,,,,,,,,,,,,,,,,,,,,,,,,,,,,100,,,,,100,,,,,100,,,,,100,,,,,100,100,100,99.99999885,99.99999883,99.9999988,99.99999634,99.99999626,,,
Middle income,MIC,"PM2.5 air pollution, population exposed to levels exceeding WHO guideline value (% of total)",EN.ATM.PM25.MC.ZS,,,,,,,,,,,,,,,,,,,,,,,,,,,,,,,99.30697409,,,,,99.29274238,,,,,99.344773,,,,,99.41472817,,,,,99.35797775,99.46498056,99.32574691,98.93801257,98.56885495,98.53726714,97.97531611,97.8727381,,,
North Macedonia,MKD,"PM2.5 air pollution, population exposed to levels exceeding WHO guideline value (% of total)",EN.ATM.PM25.MC.ZS,,,,,,,,,,,,,,,,,,,,,,,,,,,,,,,100,,,,,100,,,,,100,,,,,100,,,,,100,100,100,100,100,100,100,100,,,
Mali,MLI,"PM2.5 air pollution, population exposed to levels exceeding WHO guideline value (% of total)",EN.ATM.PM25.MC.ZS,,,,,,,,,,,,,,,,,,,,,,,,,,,,,,,100,,,,,100,,,,,100,,,,,100,,,,,100,100,100,100,100,100,100,100,,,
Malta,MLT,"PM2.5 air pollution, population exposed to levels exceeding WHO guideline value (% of total)",EN.ATM.PM25.MC.ZS,,,,,,,,,,,,,,,,,,,,,,,,,,,,,,,100,,,,,100,,,,,100,,,,,100,,,,,100,100,100,100,100,100,100,100,,,
Myanmar,MMR,"PM2.5 air pollution, population exposed to levels exceeding WHO guideline value (% of total)",EN.ATM.PM25.MC.ZS,,,,,,,,,,,,,,,,,,,,,,,,,,,,,,,100,,,,,100,,,,,100,,,,,100,,,,,100,100,100,100,100,100,100,100,,,
Middle East & North Africa (excluding high income),MNA,"PM2.5 air pollution, population exposed to levels exceeding WHO guideline value (% of total)",EN.ATM.PM25.MC.ZS,,,,,,,,,,,,,,,,,,,,,,,,,,,,,,,100,,,,,100,,,,,100,,,,,100,,,,,100,100,100,100,100,100,100,100,,,
Montenegro,MNE,"PM2.5 air pollution, population exposed to levels exceeding WHO guideline value (% of total)",EN.ATM.PM25.MC.ZS,,,,,,,,,,,,,,,,,,,,,,,,,,,,,,,100,,,,,100,,,,,100,,,,,100,,,,,100,100,100,100,100,100,100,100,,,
Mongolia,MNG,"PM2.5 air pollution, population exposed to levels exceeding WHO guideline value (% of total)",EN.ATM.PM25.MC.ZS,,,,,,,,,,,,,,,,,,,,,,,,,,,,,,,96.56512735,,,,,96.36190814,,,,,97.48152104,,,,,97.79649035,,,,,98.13814086,98.35710531,98.074227,97.70801597,96.83417056,97.95178478,96.83175233,97.01398059,,,
Northern Mariana Islands,MNP,"PM2.5 air pollution, population exposed to levels exceeding WHO guideline value (% of total)",EN.ATM.PM25.MC.ZS,,,,,,,,,,,,,,,,,,,,,,,,,,,,,,,100,,,,,100,,,,,100,,,,,100,,,,,100,100,100,100,30.76923077,34.61538462,26.92307692,26.92307692,,,
Mozambique,MOZ,"PM2.5 air pollution, population exposed to levels exceeding WHO guideline value (% of total)",EN.ATM.PM25.MC.ZS,,,,,,,,,,,,,,,,,,,,,,,,,,,,,,,100,,,,,100,,,,,100,,,,,100,,,,,100,100,100,100,100,100,100,100,,,
Mauritania,MRT,"PM2.5 air pollution, population exposed to levels exceeding WHO guideline value (% of total)",EN.ATM.PM25.MC.ZS,,,,,,,,,,,,,,,,,,,,,,,,,,,,,,,100,,,,,100,,,,,100,,,,,100,,,,,100,100,100,100,100,100,100,100,,,
Mauritius,MUS,"PM2.5 air pollution, population exposed to levels exceeding WHO guideline value (% of total)",EN.ATM.PM25.MC.ZS,,,,,,,,,,,,,,,,,,,,,,,,,,,,,,,100,,,,,100,,,,,100,,,,,100,,,,,100,100,100,100,100,100,100,100,,,
Malawi,MWI,"PM2.5 air pollution, population exposed to levels exceeding WHO guideline value (% of total)",EN.ATM.PM25.MC.ZS,,,,,,,,,,,,,,,,,,,,,,,,,,,,,,,100,,,,,100,,,,,100,,,,,100,,,,,100,100,100,100,100,100,100,100,,,
Malaysia,MYS,"PM2.5 air pollution, population exposed to levels exceeding WHO guideline value (% of total)",EN.ATM.PM25.MC.ZS,,,,,,,,,,,,,,,,,,,,,,,,,,,,,,,94.95693047,,,,,95.17303681,,,,,95.45669023,,,,,97.87994072,,,,,96.99731116,97.47653099,98.16901013,94.02458549,92.00610059,93.50817804,90.41989266,90.53734381,,,
North America,NAC,"PM2.5 air pollution, population exposed to levels exceeding WHO guideline value (% of total)",EN.ATM.PM25.MC.ZS,,,,,,,,,,,,,,,,,,,,,,,,,,,,,,,44.83567256,,,,,41.55554118,,,,,39.9486041,,,,,41.81014296,,,,,35.79410175,43.92057678,26.6481766,19.43571588,10.775422,7.706948001,3.016645903,3.022480988,,,
Namibia,NAM,"PM2.5 air pollution, population exposed to levels exceeding WHO guideline value (% of total)",EN.ATM.PM25.MC.ZS,,,,,,,,,,,,,,,,,,,,,,,,,,,,,,,100,,,,,100,,,,,100,,,,,100,,,,,100,100,100,100,100,100,100,100,,,
New Caledonia,NCL,"PM2.5 air pollution, population exposed to levels exceeding WHO guideline value (% of total)",EN.ATM.PM25.MC.ZS,,,,,,,,,,,,,,,,,,,,,,,,,,,,,,,,,,,,,,,,,,,,,,,,,,,,,,,,,,,,,
Niger,NER,"PM2.5 air pollution, population exposed to levels exceeding WHO guideline value (% of total)",EN.ATM.PM25.MC.ZS,,,,,,,,,,,,,,,,,,,,,,,,,,,,,,,100,,,,,100,,,,,100,,,,,100,,,,,100,100,100,100,100,100,100,100,,,
Nigeria,NGA,"PM2.5 air pollution, population exposed to levels exceeding WHO guideline value (% of total)",EN.ATM.PM25.MC.ZS,,,,,,,,,,,,,,,,,,,,,,,,,,,,,,,100,,,,,100,,,,,100,,,,,100,,,,,100,100,100,100,100,100,100,100,,,
Nicaragua,NIC,"PM2.5 air pollution, population exposed to levels exceeding WHO guideline value (% of total)",EN.ATM.PM25.MC.ZS,,,,,,,,,,,,,,,,,,,,,,,,,,,,,,,99.99719986,,,,,99.99704911,,,,,99.93397652,,,,,99.93610384,,,,,99.93810046,99.93853213,99.93897528,99.93943253,99.92908546,99.92951799,99.90322898,99.90269513,,,
Netherlands,NLD,"PM2.5 air pollution, population exposed to levels exceeding WHO guideline value (% of total)",EN.ATM.PM25.MC.ZS,,,,,,,,,,,,,,,,,,,,,,,,,,,,,,,100,,,,,100,,,,,100,,,,,100,,,,,100,100,100,99.87044972,99.83441405,99.81168269,99.59579833,99.59814148,,,
Norway,NOR,"PM2.5 air pollution, population exposed to levels exceeding WHO guideline value (% of total)",EN.ATM.PM25.MC.ZS,,,,,,,,,,,,,,,,,,,,,,,,,,,,,,,33.31155134,,,,,29.61784285,,,,,24.47496462,,,,,10.17240142,,,,,11.88874562,31.41142832,2.894365392,2.236189866,2.245509395,2.024656744,2.034288278,2.0438378,,,
Nepal,NPL,"PM2.5 air pollution, population exposed to levels exceeding WHO guideline value (% of total)",EN.ATM.PM25.MC.ZS,,,,,,,,,,,,,,,,,,,,,,,,,,,,,,,100,,,,,100,,,,,100,,,,,100,,,,,100,100,100,100,100,100,100,100,,,
Nauru,NRU,"PM2.5 air pollution, population exposed to levels exceeding WHO guideline value (% of total)",EN.ATM.PM25.MC.ZS,,,,,,,,,,,,,,,,,,,,,,,,,,,,,,,,,,,,,,,,,,,,,,,,,,,,,,,,,,,,,
New Zealand,NZL,"PM2.5 air pollution, population exposed to levels exceeding WHO guideline value (% of total)",EN.ATM.PM25.MC.ZS,,,,,,,,,,,,,,,,,,,,,,,,,,,,,,,8.860266351,,,,,8.710659189,,,,,10.75232632,,,,,10.2826206,,,,,9.81955069,9.776035735,4.472606438,0.352390197,0.350996258,0.349574374,0,0,,,
OECD members,OED,"PM2.5 air pollution, population exposed to levels exceeding WHO guideline value (% of total)",EN.ATM.PM25.MC.ZS,,,,,,,,,,,,,,,,,,,,,,,,,,,,,,,80.56756069,,,,,79.25103822,,,,,78.35068569,,,,,78.70181541,,,,,76.79204444,79.53946458,73.11393267,70.56253655,66.14533376,65.65331423,60.673341,60.77160766,,,
Oman,OMN,"PM2.5 air pollution, population exposed to levels exceeding WHO guideline value (% of total)",EN.ATM.PM25.MC.ZS,,,,,,,,,,,,,,,,,,,,,,,,,,,,,,,100,,,,,100,,,,,100,,,,,100,,,,,100,100,100,100,100,100,100,100,,,
Other small states,OSS,"PM2.5 air pollution, population exposed to levels exceeding WHO guideline value (% of total)",EN.ATM.PM25.MC.ZS,,,,,,,,,,,,,,,,,,,,,,,,,,,,,,,90.7270011,,,,,90.33708108,,,,,90.95206103,,,,,91.75689251,,,,,92.73018831,92.87222833,92.72869054,92.79191121,91.37487157,91.43576477,91.49664269,91.54467993,,,
Pakistan,PAK,"PM2.5 air pollution, population exposed to levels exceeding WHO guideline value (% of total)",EN.ATM.PM25.MC.ZS,,,,,,,,,,,,,,,,,,,,,,,,,,,,,,,100,,,,,100,,,,,100,,,,,100,,,,,100,100,100,100,100,100,100,100,,,
Panama,PAN,"PM2.5 air pollution, population exposed to levels exceeding WHO guideline value (% of total)",EN.ATM.PM25.MC.ZS,,,,,,,,,,,,,,,,,,,,,,,,,,,,,,,96.50353782,,,,,96.45012156,,,,,97.30895047,,,,,96.92503385,,,,,96.21783,97.22883275,96.61297445,93.47575967,90.52608058,87.28942893,72.13426654,71.63674766,,,
Peru,PER,"PM2.5 air pollution, population exposed to levels exceeding WHO guideline value (% of total)",EN.ATM.PM25.MC.ZS,,,,,,,,,,,,,,,,,,,,,,,,,,,,,,,100,,,,,100,,,,,100,,,,,100,,,,,100,100,100,99.99976584,99.99952668,99.97338889,99.96870207,99.96292629,,,
Philippines,PHL,"PM2.5 air pollution, population exposed to levels exceeding WHO guideline value (% of total)",EN.ATM.PM25.MC.ZS,,,,,,,,,,,,,,,,,,,,,,,,,,,,,,,100,,,,,100,,,,,99.99556805,,,,,100,,,,,100,99.99524119,99.99693349,99.71480136,99.01975306,99.43309287,96.81597569,96.37065877,,,
Palau,PLW,"PM2.5 air pollution, population exposed to levels exceeding WHO guideline value (% of total)",EN.ATM.PM25.MC.ZS,,,,,,,,,,,,,,,,,,,,,,,,,,,,,,,,,,,,,,,,,,,,,,,,,,,,,,,,,,,,,
Papua New Guinea,PNG,"PM2.5 air pollution, population exposed to levels exceeding WHO guideline value (% of total)",EN.ATM.PM25.MC.ZS,,,,,,,,,,,,,,,,,,,,,,,,,,,,,,,100,,,,,100,,,,,100,,,,,100,,,,,100,100,100,100,100,100,99.99548932,99.99516574,,,
Poland,POL,"PM2.5 air pollution, population exposed to levels exceeding WHO guideline value (% of total)",EN.ATM.PM25.MC.ZS,,,,,,,,,,,,,,,,,,,,,,,,,,,,,,,100,,,,,100,,,,,100,,,,,100,,,,,100,100,100,99.99621648,99.98156642,99.99621497,99.96609131,99.96611573,,,
Pre-demographic dividend,PRE,"PM2.5 air pollution, population exposed to levels exceeding WHO guideline value (% of total)",EN.ATM.PM25.MC.ZS,,,,,,,,,,,,,,,,,,,,,,,,,,,,,,,100,,,,,100,,,,,100,,,,,100,,,,,100,100,100,100,100,100,100,100,,,
Puerto Rico,PRI,"PM2.5 air pollution, population exposed to levels exceeding WHO guideline value (% of total)",EN.ATM.PM25.MC.ZS,,,,,,,,,,,,,,,,,,,,,,,,,,,,,,,1.834862385,,,,,1.834862385,,,,,63.30275229,,,,,62.3853211,,,,,62.3853211,71.55963303,45.87155963,32.11009174,15.59633028,14.67889908,3.669724771,3.669724771,,,
"Korea, Dem. People's Rep.",PRK,"PM2.5 air pollution, population exposed to levels exceeding WHO guideline value (% of total)",EN.ATM.PM25.MC.ZS,,,,,,,,,,,,,,,,,,,,,,,,,,,,,,,100,,,,,100,,,,,100,,,,,100,,,,,100,100,100,100,100,100,100,100,,,
Portugal,PRT,"PM2.5 air pollution, population exposed to levels exceeding WHO guideline value (% of total)",EN.ATM.PM25.MC.ZS,,,,,,,,,,,,,,,,,,,,,,,,,,,,,,,54.49449582,,,,,48.87356647,,,,,49.84767952,,,,,58.43390699,,,,,53.00973616,57.452384,30.88129227,30.89886297,25.18319789,27.45849405,14.71847244,16.00835663,,,
Paraguay,PRY,"PM2.5 air pollution, population exposed to levels exceeding WHO guideline value (% of total)",EN.ATM.PM25.MC.ZS,,,,,,,,,,,,,,,,,,,,,,,,,,,,,,,100,,,,,100,,,,,100,,,,,100,,,,,100,100,100,100,100,100,98.93517738,99.05830825,,,
West Bank and Gaza,PSE,"PM2.5 air pollution, population exposed to levels exceeding WHO guideline value (% of total)",EN.ATM.PM25.MC.ZS,,,,,,,,,,,,,,,,,,,,,,,,,,,,,,,100,,,,,100,,,,,100,,,,,100,,,,,100,100,100,100,100,100,100,100,,,
Pacific island small states,PSS,"PM2.5 air pollution, population exposed to levels exceeding WHO guideline value (% of total)",EN.ATM.PM25.MC.ZS,,,,,,,,,,,,,,,,,,,,,,,,,,,,,,,100,,,,,100,,,,,100,,,,,100,,,,,100,100,100,99.99999997,99.99782474,99.99198649,97.64698576,93.62984611,,,
Post-demographic dividend,PST,"PM2.5 air pollution, population exposed to levels exceeding WHO guideline value (% of total)",EN.ATM.PM25.MC.ZS,,,,,,,,,,,,,,,,,,,,,,,,,,,,,,,77.85369973,,,,,76.06668497,,,,,74.71648271,,,,,74.8484029,,,,,72.28576448,75.52114004,67.78113523,64.6434838,59.37557376,58.7631872,52.76313468,52.79815676,,,
French Polynesia,PYF,"PM2.5 air pollution, population exposed to levels exceeding WHO guideline value (% of total)",EN.ATM.PM25.MC.ZS,,,,,,,,,,,,,,,,,,,,,,,,,,,,,,,,,,,,,,,,,,,,,,,,,,,,,,,,,,,,,
Qatar,QAT,"PM2.5 air pollution, population exposed to levels exceeding WHO guideline value (% of total)",EN.ATM.PM25.MC.ZS,,,,,,,,,,,,,,,,,,,,,,,,,,,,,,,100,,,,,100,,,,,100,,,,,100,,,,,100,100,100,100,100,100,100,100,,,
Romania,ROU,"PM2.5 air pollution, population exposed to levels exceeding WHO guideline value (% of total)",EN.ATM.PM25.MC.ZS,,,,,,,,,,,,,,,,,,,,,,,,,,,,,,,100,,,,,100,,,,,100,,,,,100,,,,,100,100,99.58100827,99.40746472,98.52413489,99.37909475,97.90706909,98.01746488,,,
Russian Federation,RUS,"PM2.5 air pollution, population exposed to levels exceeding WHO guideline value (% of total)",EN.ATM.PM25.MC.ZS,,,,,,,,,,,,,,,,,,,,,,,,,,,,,,,96.50772374,,,,,95.31075763,,,,,95.85455547,,,,,95.81597809,,,,,96.2900289,95.82223265,95.32326071,93.45096234,93.32059119,91.8274019,91.7079918,91.609329,,,
Rwanda,RWA,"PM2.5 air pollution, population exposed to levels exceeding WHO guideline value (% of total)",EN.ATM.PM25.MC.ZS,,,,,,,,,,,,,,,,,,,,,,,,,,,,,,,100,,,,,100,,,,,100,,,,,100,,,,,100,100,100,100,100,100,100,100,,,
South Asia,SAS,"PM2.5 air pollution, population exposed to levels exceeding WHO guideline value (% of total)",EN.ATM.PM25.MC.ZS,,,,,,,,,,,,,,,,,,,,,,,,,,,,,,,100,,,,,100,,,,,100,,,,,100,,,,,100,100,100,100,99.97481999,99.97399625,99.60280403,99.32091839,,,
Saudi Arabia,SAU,"PM2.5 air pollution, population exposed to levels exceeding WHO guideline value (% of total)",EN.ATM.PM25.MC.ZS,,,,,,,,,,,,,,,,,,,,,,,,,,,,,,,100,,,,,100,,,,,100,,,,,100,,,,,100,100,100,100,100,100,100,100,,,
Sudan,SDN,"PM2.5 air pollution, population exposed to levels exceeding WHO guideline value (% of total)",EN.ATM.PM25.MC.ZS,,,,,,,,,,,,,,,,,,,,,,,,,,,,,,,100,,,,,100,,,,,100,,,,,100,,,,,100,100,100,100,100,100,100,100,,,
Senegal,SEN,"PM2.5 air pollution, population exposed to levels exceeding WHO guideline value (% of total)",EN.ATM.PM25.MC.ZS,,,,,,,,,,,,,,,,,,,,,,,,,,,,,,,100,,,,,100,,,,,100,,,,,100,,,,,100,100,100,100,100,100,100,100,,,
Singapore,SGP,"PM2.5 air pollution, population exposed to levels exceeding WHO guideline value (% of total)",EN.ATM.PM25.MC.ZS,,,,,,,,,,,,,,,,,,,,,,,,,,,,,,,100,,,,,100,,,,,100,,,,,100,,,,,100,100,100,100,100,100,100,100,,,
Solomon Islands,SLB,"PM2.5 air pollution, population exposed to levels exceeding WHO guideline value (% of total)",EN.ATM.PM25.MC.ZS,,,,,,,,,,,,,,,,,,,,,,,,,,,,,,,100,,,,,100,,,,,100,,,,,100,,,,,100,100,100,100,100,100,100,99.91756319,,,
Sierra Leone,SLE,"PM2.5 air pollution, population exposed to levels exceeding WHO guideline value (% of total)",EN.ATM.PM25.MC.ZS,,,,,,,,,,,,,,,,,,,,,,,,,,,,,,,100,,,,,100,,,,,100,,,,,100,,,,,100,100,100,100,100,100,100,100,,,
El Salvador,SLV,"PM2.5 air pollution, population exposed to levels exceeding WHO guideline value (% of total)",EN.ATM.PM25.MC.ZS,,,,,,,,,,,,,,,,,,,,,,,,,,,,,,,100,,,,,100,,,,,100,,,,,100,,,,,100,100,100,100,100,100,100,100,,,
San Marino,SMR,"PM2.5 air pollution, population exposed to levels exceeding WHO guideline value (% of total)",EN.ATM.PM25.MC.ZS,,,,,,,,,,,,,,,,,,,,,,,,,,,,,,,,,,,,,,,,,,,,,,,,,,,,,,,,,,,,,
Somalia,SOM,"PM2.5 air pollution, population exposed to levels exceeding WHO guideline value (% of total)",EN.ATM.PM25.MC.ZS,,,,,,,,,,,,,,,,,,,,,,,,,,,,,,,100,,,,,100,,,,,100,,,,,100,,,,,100,100,100,100,100,100,100,100,,,
Serbia,SRB,"PM2.5 air pollution, population exposed to levels exceeding WHO guideline value (% of total)",EN.ATM.PM25.MC.ZS,,,,,,,,,,,,,,,,,,,,,,,,,,,,,,,100,,,,,100,,,,,100,,,,,100,,,,,100,100,100,100,100,100,100,100,,,
Sub-Saharan Africa (excluding high income),SSA,"PM2.5 air pollution, population exposed to levels exceeding WHO guideline value (% of total)",EN.ATM.PM25.MC.ZS,,,,,,,,,,,,,,,,,,,,,,,,,,,,,,,100,,,,,100,,,,,100,,,,,100,,,,,100,100,100,100,100,100,100,100,,,
South Sudan,SSD,"PM2.5 air pollution, population exposed to levels exceeding WHO guideline value (% of total)",EN.ATM.PM25.MC.ZS,,,,,,,,,,,,,,,,,,,,,,,,,,,,,,,100,,,,,100,,,,,100,,,,,100,,,,,100,100,100,100,100,100,100,100,,,
Sub-Saharan Africa,SSF,"PM2.5 air pollution, population exposed to levels exceeding WHO guideline value (% of total)",EN.ATM.PM25.MC.ZS,,,,,,,,,,,,,,,,,,,,,,,,,,,,,,,100,,,,,100,,,,,100,,,,,100,,,,,100,100,100,100,100,100,100,100,,,
Small states,SST,"PM2.5 air pollution, population exposed to levels exceeding WHO guideline value (% of total)",EN.ATM.PM25.MC.ZS,,,,,,,,,,,,,,,,,,,,,,,,,,,,,,,93.55293762,,,,,93.200666,,,,,93.54539114,,,,,94.03221941,,,,,94.61392838,94.69960326,94.57460629,94.60497583,93.52476601,93.55072707,93.43652023,93.21386629,,,
Sao Tome and Principe,STP,"PM2.5 air pollution, population exposed to levels exceeding WHO guideline value (% of total)",EN.ATM.PM25.MC.ZS,,,,,,,,,,,,,,,,,,,,,,,,,,,,,,,100,,,,,100,,,,,100,,,,,100,,,,,100,100,100,100,100,100,100,100,,,
Suriname,SUR,"PM2.5 air pollution, population exposed to levels exceeding WHO guideline value (% of total)",EN.ATM.PM25.MC.ZS,,,,,,,,,,,,,,,,,,,,,,,,,,,,,,,100,,,,,100,,,,,100,,,,,100,,,,,100,100,100,100,100,100,100,100,,,
Slovak Republic,SVK,"PM2.5 air pollution, population exposed to levels exceeding WHO guideline value (% of total)",EN.ATM.PM25.MC.ZS,,,,,,,,,,,,,,,,,,,,,,,,,,,,,,,100,,,,,100,,,,,100,,,,,100,,,,,100,100,100,100,100,100,100,100,,,
Slovenia,SVN,"PM2.5 air pollution, population exposed to levels exceeding WHO guideline value (% of total)",EN.ATM.PM25.MC.ZS,,,,,,,,,,,,,,,,,,,,,,,,,,,,,,,100,,,,,100,,,,,100,,,,,100,,,,,100,100,99.83625221,99.83610299,99.79339245,99.79371471,99.47412541,99.49102528,,,
Sweden,SWE,"PM2.5 air pollution, population exposed to levels exceeding WHO guideline value (% of total)",EN.ATM.PM25.MC.ZS,,,,,,,,,,,,,,,,,,,,,,,,,,,,,,,7.235441292,,,,,5.370486576,,,,,4.985989813,,,,,3.995810186,,,,,4.326183371,5.884544297,3.595308585,3.475081808,3.676452145,3.555146241,3.595702677,3.636487382,,,
Eswatini,SWZ,"PM2.5 air pollution, population exposed to levels exceeding WHO guideline value (% of total)",EN.ATM.PM25.MC.ZS,,,,,,,,,,,,,,,,,,,,,,,,,,,,,,,100,,,,,100,,,,,100,,,,,100,,,,,100,100,100,100,100,100,100,100,,,
Sint Maarten (Dutch part),SXM,"PM2.5 air pollution, population exposed to levels exceeding WHO guideline value (% of total)",EN.ATM.PM25.MC.ZS,,,,,,,,,,,,,,,,,,,,,,,,,,,,,,,,,,,,,,,,,,,,,,,,,,,,,,,,,,,,,
Seychelles,SYC,"PM2.5 air pollution, population exposed to levels exceeding WHO guideline value (% of total)",EN.ATM.PM25.MC.ZS,,,,,,,,,,,,,,,,,,,,,,,,,,,,,,,100,,,,,100,,,,,100,,,,,100,,,,,100,100,100,100,100,100,100,100,,,
Syrian Arab Republic,SYR,"PM2.5 air pollution, population exposed to levels exceeding WHO guideline value (% of total)",EN.ATM.PM25.MC.ZS,,,,,,,,,,,,,,,,,,,,,,,,,,,,,,,100,,,,,100,,,,,100,,,,,100,,,,,100,100,100,100,100,100,100,100,,,
Turks and Caicos Islands,TCA,"PM2.5 air pollution, population exposed to levels exceeding WHO guideline value (% of total)",EN.ATM.PM25.MC.ZS,,,,,,,,,,,,,,,,,,,,,,,,,,,,,,,,,,,,,,,,,,,,,,,,,,,,,,,,,,,,,
Chad,TCD,"PM2.5 air pollution, population exposed to levels exceeding WHO guideline value (% of total)",EN.ATM.PM25.MC.ZS,,,,,,,,,,,,,,,,,,,,,,,,,,,,,,,100,,,,,100,,,,,100,,,,,100,,,,,100,100,100,100,100,100,100,100,,,
East Asia & Pacific (IDA & IBRD countries),TEA,"PM2.5 air pollution, population exposed to levels exceeding WHO guideline value (% of total)",EN.ATM.PM25.MC.ZS,,,,,,,,,,,,,,,,,,,,,,,,,,,,,,,99.66969052,,,,,99.66505386,,,,,99.59666491,,,,,99.84701645,,,,,99.50817744,99.71791099,99.90886189,99.16141042,99.12736378,99.37802557,99.13198756,99.08594176,,,
Europe & Central Asia (IDA & IBRD countries),TEC,"PM2.5 air pollution, population exposed to levels exceeding WHO guideline value (% of total)",EN.ATM.PM25.MC.ZS,,,,,,,,,,,,,,,,,,,,,,,,,,,,,,,98.70656558,,,,,98.29323396,,,,,98.48357374,,,,,98.4979846,,,,,98.68736092,98.5519018,98.32367088,97.69410581,97.43884955,97.05925979,96.71981292,96.70895712,,,
Togo,TGO,"PM2.5 air pollution, population exposed to levels exceeding WHO guideline value (% of total)",EN.ATM.PM25.MC.ZS,,,,,,,,,,,,,,,,,,,,,,,,,,,,,,,100,,,,,100,,,,,100,,,,,100,,,,,100,100,100,100,100,100,100,100,,,
Thailand,THA,"PM2.5 air pollution, population exposed to levels exceeding WHO guideline value (% of total)",EN.ATM.PM25.MC.ZS,,,,,,,,,,,,,,,,,,,,,,,,,,,,,,,100,,,,,100,,,,,100,,,,,100,,,,,100,100,100,100,100,100,100,100,,,
Tajikistan,TJK,"PM2.5 air pollution, population exposed to levels exceeding WHO guideline value (% of total)",EN.ATM.PM25.MC.ZS,,,,,,,,,,,,,,,,,,,,,,,,,,,,,,,100,,,,,100,,,,,100,,,,,100,,,,,100,100,100,100,100,100,100,100,,,
Turkmenistan,TKM,"PM2.5 air pollution, population exposed to levels exceeding WHO guideline value (% of total)",EN.ATM.PM25.MC.ZS,,,,,,,,,,,,,,,,,,,,,,,,,,,,,,,100,,,,,100,,,,,100,,,,,100,,,,,100,100,100,100,100,100,100,100,,,
Latin America & the Caribbean (IDA & IBRD countries),TLA,"PM2.5 air pollution, population exposed to levels exceeding WHO guideline value (% of total)",EN.ATM.PM25.MC.ZS,,,,,,,,,,,,,,,,,,,,,,,,,,,,,,,95.93450752,,,,,96.14303358,,,,,96.63793935,,,,,96.23681213,,,,,96.71604319,97.11858316,95.17739304,94.57616906,91.39875806,90.49978975,87.40827694,87.40720848,,,
Timor-Leste,TLS,"PM2.5 air pollution, population exposed to levels exceeding WHO guideline value (% of total)",EN.ATM.PM25.MC.ZS,,,,,,,,,,,,,,,,,,,,,,,,,,,,,,,100,,,,,100,,,,,100,,,,,100,,,,,100,100,100,100,100,100,100,100,,,
Middle East & North Africa (IDA & IBRD countries),TMN,"PM2.5 air pollution, population exposed to levels exceeding WHO guideline value (% of total)",EN.ATM.PM25.MC.ZS,,,,,,,,,,,,,,,,,,,,,,,,,,,,,,,100,,,,,100,,,,,100,,,,,100,,,,,100,100,100,100,100,100,100,100,,,
Tonga,TON,"PM2.5 air pollution, population exposed to levels exceeding WHO guideline value (% of total)",EN.ATM.PM25.MC.ZS,,,,,,,,,,,,,,,,,,,,,,,,,,,,,,,99.99999999,,,,,99.99999999,,,,,100,,,,,100,,,,,100,100,100,100,100,100,99.80641697,99.81259193,,,
South Asia (IDA & IBRD),TSA,"PM2.5 air pollution, population exposed to levels exceeding WHO guideline value (% of total)",EN.ATM.PM25.MC.ZS,,,,,,,,,,,,,,,,,,,,,,,,,,,,,,,100,,,,,100,,,,,100,,,,,100,,,,,100,100,100,100,99.97481999,99.97399625,99.60280403,99.32091839,,,
Sub-Saharan Africa (IDA & IBRD countries),TSS,"PM2.5 air pollution, population exposed to levels exceeding WHO guideline value (% of total)",EN.ATM.PM25.MC.ZS,,,,,,,,,,,,,,,,,,,,,,,,,,,,,,,100,,,,,100,,,,,100,,,,,100,,,,,100,100,100,100,100,100,100,100,,,
Trinidad and Tobago,TTO,"PM2.5 air pollution, population exposed to levels exceeding WHO guideline value (% of total)",EN.ATM.PM25.MC.ZS,,,,,,,,,,,,,,,,,,,,,,,,,,,,,,,100,,,,,100,,,,,100,,,,,100,,,,,100,100,100,100,100,100,100,100,,,
Tunisia,TUN,"PM2.5 air pollution, population exposed to levels exceeding WHO guideline value (% of total)",EN.ATM.PM25.MC.ZS,,,,,,,,,,,,,,,,,,,,,,,,,,,,,,,100,,,,,100,,,,,100,,,,,100,,,,,100,100,100,100,100,100,100,100,,,
Turkey,TUR,"PM2.5 air pollution, population exposed to levels exceeding WHO guideline value (% of total)",EN.ATM.PM25.MC.ZS,,,,,,,,,,,,,,,,,,,,,,,,,,,,,,,100,,,,,100,,,,,100,,,,,100,,,,,100,100,100,100,100,100,100,100,,,
Tuvalu,TUV,"PM2.5 air pollution, population exposed to levels exceeding WHO guideline value (% of total)",EN.ATM.PM25.MC.ZS,,,,,,,,,,,,,,,,,,,,,,,,,,,,,,,,,,,,,,,,,,,,,,,,,,,,,,,,,,,,,
Tanzania,TZA,"PM2.5 air pollution, population exposed to levels exceeding WHO guideline value (% of total)",EN.ATM.PM25.MC.ZS,,,,,,,,,,,,,,,,,,,,,,,,,,,,,,,100,,,,,100,,,,,100,,,,,100,,,,,100,100,100,100,100,100,100,100,,,
Uganda,UGA,"PM2.5 air pollution, population exposed to levels exceeding WHO guideline value (% of total)",EN.ATM.PM25.MC.ZS,,,,,,,,,,,,,,,,,,,,,,,,,,,,,,,100,,,,,100,,,,,100,,,,,100,,,,,100,100,100,100,100,100,100,100,,,
Ukraine,UKR,"PM2.5 air pollution, population exposed to levels exceeding WHO guideline value (% of total)",EN.ATM.PM25.MC.ZS,,,,,,,,,,,,,,,,,,,,,,,,,,,,,,,100,,,,,100,,,,,100,,,,,100,,,,,100,100,100,100,100,100,100,100,,,
Upper middle income,UMC,"PM2.5 air pollution, population exposed to levels exceeding WHO guideline value (% of total)",EN.ATM.PM25.MC.ZS,,,,,,,,,,,,,,,,,,,,,,,,,,,,,,,98.81426816,,,,,98.75940563,,,,,98.89411006,,,,,98.83055026,,,,,98.94094389,99.00596527,98.53927315,98.22790654,97.39072423,97.11432419,96.25252557,96.23981633,,,
Uruguay,URY,"PM2.5 air pollution, population exposed to levels exceeding WHO guideline value (% of total)",EN.ATM.PM25.MC.ZS,,,,,,,,,,,,,,,,,,,,,,,,,,,,,,,83.40555755,,,,,84.36546617,,,,,89.81683012,,,,,77.48441659,,,,,85.45845617,93.26190735,60.50843033,55.38994434,28.73578061,26.44415702,22.39524307,22.38574466,,,
United States,USA,"PM2.5 air pollution, population exposed to levels exceeding WHO guideline value (% of total)",EN.ATM.PM25.MC.ZS,,,,,,,,,,,,,,,,,,,,,,,,,,,,,,,47.99773704,,,,,44.69445371,,,,,43.08134508,,,,,44.22056176,,,,,38.21303236,46.68619853,28.65808101,20.84055734,11.73129721,8.465306507,3.334435592,3.34317037,,,
Uzbekistan,UZB,"PM2.5 air pollution, population exposed to levels exceeding WHO guideline value (% of total)",EN.ATM.PM25.MC.ZS,,,,,,,,,,,,,,,,,,,,,,,,,,,,,,,100,,,,,100,,,,,100,,,,,100,,,,,100,100,100,100,100,100,100,100,,,
St. Vincent and the Grenadines,VCT,"PM2.5 air pollution, population exposed to levels exceeding WHO guideline value (% of total)",EN.ATM.PM25.MC.ZS,,,,,,,,,,,,,,,,,,,,,,,,,,,,,,,100,,,,,100,,,,,100,,,,,100,,,,,100,100,100,100,100,100,100,100,,,
"Venezuela, RB",VEN,"PM2.5 air pollution, population exposed to levels exceeding WHO guideline value (% of total)",EN.ATM.PM25.MC.ZS,,,,,,,,,,,,,,,,,,,,,,,,,,,,,,,100,,,,,100,,,,,100,,,,,100,,,,,100,100,100,99.99991345,99.99774982,99.99508316,99.93307859,99.93366243,,,
British Virgin Islands,VGB,"PM2.5 air pollution, population exposed to levels exceeding WHO guideline value (% of total)",EN.ATM.PM25.MC.ZS,,,,,,,,,,,,,,,,,,,,,,,,,,,,,,,,,,,,,,,,,,,,,,,,,,,,,,,,,,,,,
Virgin Islands (U.S.),VIR,"PM2.5 air pollution, population exposed to levels exceeding WHO guideline value (% of total)",EN.ATM.PM25.MC.ZS,,,,,,,,,,,,,,,,,,,,,,,,,,,,,,,50,,,,,50,,,,,100,,,,,100,,,,,100,100,100,100,50,50,40,40,,,
Vietnam,VNM,"PM2.5 air pollution, population exposed to levels exceeding WHO guideline value (% of total)",EN.ATM.PM25.MC.ZS,,,,,,,,,,,,,,,,,,,,,,,,,,,,,,,100,,,,,100,,,,,100,,,,,100,,,,,100,100,100,100,100,100,100,100,,,
Vanuatu,VUT,"PM2.5 air pollution, population exposed to levels exceeding WHO guideline value (% of total)",EN.ATM.PM25.MC.ZS,,,,,,,,,,,,,,,,,,,,,,,,,,,,,,,100,,,,,100,,,,,100,,,,,100,,,,,100,100,100,100,100,100,99.99999999,99.99999999,,,
World,WLD,"PM2.5 air pollution, population exposed to levels exceeding WHO guideline value (% of total)",EN.ATM.PM25.MC.ZS,,,,,,,,,,,,,,,,,,,,,,,,,,,,,,,95.31768291,,,,,95.17582363,,,,,95.2134084,,,,,95.43796689,,,,,95.14472645,95.77382122,94.47639315,93.73800297,92.67383555,92.60178045,91.3252964,91.30904604,,,
Samoa,WSM,"PM2.5 air pollution, population exposed to levels exceeding WHO guideline value (% of total)",EN.ATM.PM25.MC.ZS,,,,,,,,,,,,,,,,,,,,,,,,,,,,,,,100,,,,,100,,,,,100,,,,,100,,,,,100,100,100,100,100,100,100,100,,,
Kosovo,XKX,"PM2.5 air pollution, population exposed to levels exceeding WHO guideline value (% of total)",EN.ATM.PM25.MC.ZS,,,,,,,,,,,,,,,,,,,,,,,,,,,,,,,,,,,,,,,,,,,,,,,,,,,,,,,,,,,,,
"Yemen, Rep.",YEM,"PM2.5 air pollution, population exposed to levels exceeding WHO guideline value (% of total)",EN.ATM.PM25.MC.ZS,,,,,,,,,,,,,,,,,,,,,,,,,,,,,,,100,,,,,100,,,,,100,,,,,100,,,,,100,100,100,100,100,100,100,100,,,
South Africa,ZAF,"PM2.5 air pollution, population exposed to levels exceeding WHO guideline value (% of total)",EN.ATM.PM25.MC.ZS,,,,,,,,,,,,,,,,,,,,,,,,,,,,,,,100,,,,,100,,,,,100,,,,,100,,,,,100,100,100,100,100,100,100,100,,,
Zambia,ZMB,"PM2.5 air pollution, population exposed to levels exceeding WHO guideline value (% of total)",EN.ATM.PM25.MC.ZS,,,,,,,,,,,,,,,,,,,,,,,,,,,,,,,100,,,,,100,,,,,100,,,,,100,,,,,100,100,100,100,100,100,100,100,,,
Zimbabwe,ZWE,"PM2.5 air pollution, population exposed to levels exceeding WHO guideline value (% of total)",EN.ATM.PM25.MC.ZS,,,,,,,,,,,,,,,,,,,,,,,,,,,,,,,100,,,,,100,,,,,100,,,,,100,,,,,100,100,100,100,100,100,100,100,,,
